{
  "wave4_rdl": {
    "binary_precision": {
      "k": 98,
      "n": 100,
      "p_hat": 0.98,
      "ci_lo": 0.929988209271456,
      "ci_hi": 0.9944980324498376
    },
    "binary_recall": {
      "k": 98,
      "n": 100,
      "p_hat": 0.98,
      "ci_lo": 0.929988209271456,
      "ci_hi": 0.9944980324498376
    },
    "binary_f1_mass": {
      "k": 196,
      "n": 200,
      "p_hat": 0.98,
      "ci_lo": 0.9497129130941735,
      "ci_hi": 0.9921955735836505
    },
    "benign_specificity": {
      "k": 68,
      "n": 70,
      "p_hat": 0.9714285714285714,
      "ci_lo": 0.9016774388157609,
      "ci_hi": 0.9921293880545587
    },
    "benign_fp_rate": {
      "k": 2,
      "n": 70,
      "p_hat": 0.02857142857142857,
      "ci_lo": 0.007870611945441225,
      "ci_hi": 0.09832256118423902
    },
    "abstain_on_conflict": {
      "k": 70,
      "n": 180,
      "p_hat": 0.3888888888888889,
      "ci_lo": 0.32070319450952545,
      "ci_hi": 0.4617180272508329
    },
    "abstain_on_benign": {
      "k": 2,
      "n": 180,
      "p_hat": 0.011111111111111112,
      "ci_lo": 0.0030523748459926198,
      "ci_hi": 0.03960100089958458
    },
    "binary_precision_abstain_aware": {
      "k": 28,
      "n": 28,
      "p_hat": 1.0,
      "ci_lo": 0.8793566952341543,
      "ci_hi": 0.9999999999999998
    },
    "binary_recall_abstain_aware": {
      "k": 28,
      "n": 30,
      "p_hat": 0.9333333333333333,
      "ci_lo": 0.7867654163738308,
      "ci_hi": 0.9815229762087295
    },
    "binary_f1_mass_abstain_aware": {
      "k": 56,
      "n": 58,
      "p_hat": 0.9655172413793104,
      "ci_lo": 0.8827085453568732,
      "ci_hi": 0.9904920716688347
    },
    "benign_fp_rate_abstain_aware": {
      "k": 0,
      "n": 68,
      "p_hat": 0.0,
      "ci_lo": 0.0,
      "ci_hi": 0.053471336520070537
    },
    "exact_recall_temporal_invalidation": {
      "k": 13,
      "n": 20,
      "p_hat": 0.65,
      "ci_lo": 0.43285427668523624,
      "ci_hi": 0.818808175898918
    },
    "exact_recall_constraint_violation": {
      "k": 18,
      "n": 20,
      "p_hat": 0.9,
      "ci_lo": 0.6989663547715128,
      "ci_hi": 0.9721335187862319
    },
    "exact_recall_dependency_impact": {
      "k": 13,
      "n": 20,
      "p_hat": 0.65,
      "ci_lo": 0.43285427668523624,
      "ci_hi": 0.818808175898918
    },
    "exact_recall_semantic_contradiction": {
      "k": 29,
      "n": 40,
      "p_hat": 0.725,
      "ci_lo": 0.5716504419378943,
      "ci_hi": 0.8389198375233267
    },
    "exact_recall_ambiguous_case": {
      "k": 8,
      "n": 10,
      "p_hat": 0.8,
      "ci_lo": 0.49016247153664183,
      "ci_hi": 0.9433178485456247
    },
    "exact_recall_core4": {
      "k": 73,
      "n": 100,
      "p_hat": 0.73,
      "ci_lo": 0.6356788323205499,
      "ci_hi": 0.8073041585042365
    },
    "exact_recall_core3": {
      "k": 60,
      "n": 80,
      "p_hat": 0.75,
      "ci_lo": 0.6451532538076602,
      "ci_hi": 0.8319376814245761
    },
    "unsafe_forced_type_ambig": {
      "k": 2,
      "n": 10,
      "p_hat": 0.2,
      "ci_lo": 0.05668215145437519,
      "ci_hi": 0.5098375284633583
    },
    "needs_review_recall_ambig": {
      "k": 8,
      "n": 10,
      "p_hat": 0.8,
      "ci_lo": 0.49016247153664183,
      "ci_hi": 0.9433178485456247
    },
    "needs_review_precision": {
      "k": 8,
      "n": 80,
      "p_hat": 0.1,
      "ci_lo": 0.05154761556738083,
      "ci_hi": 0.18510688806104086
    }
  },
  "wave3_rdl": null,
  "tal_wave4": null,
  "mcnemar": {},
  "wave3_counts_fallback": null
}