{
  "benign_all_clear": {
    "n": 5,
    "median_ms": 77686.99999997625,
    "p95_ms": 85545.99999997299,
    "min_ms": 59531.00000001723,
    "max_ms": 85545.99999997299
  },
  "semantic_fast_filter": {
    "n": 45,
    "median_ms": 55297.00000002049,
    "p95_ms": 105906.00000001723,
    "min_ms": 37578.00000003772,
    "max_ms": 151655.99999995902
  },
  "semantic_llm_judge": {
    "n": 69,
    "median_ms": 23014.999999984866,
    "p95_ms": 75422.00000002049,
    "min_ms": 15375.0,
    "max_ms": 90093.99999998277
  },
  "structural_explicit": {
    "n": 61,
    "median_ms": 24641.00000000326,
    "p95_ms": 54327.99999997951,
    "min_ms": 14031.00000001723,
    "max_ms": 86311.99999997625
  },
  "__corpus__": {
    "n": 180,
    "median_ms": 33429.49999999837,
    "p95_ms": 80859.99999998603,
    "min_ms": 14031.00000001723,
    "max_ms": 151655.99999995902
  }
}