{
  "wave4_rdl": {
    "binary_precision": {
      "k": 99,
      "n": 112,
      "p_hat": 0.8839285714285714,
      "ci_lo": 0.8114943070899338,
      "ci_hi": 0.9308996585550914
    },
    "binary_recall": {
      "k": 99,
      "n": 100,
      "p_hat": 0.99,
      "ci_lo": 0.9455138038212946,
      "ci_hi": 0.9982325679358593
    },
    "binary_f1_mass": {
      "k": 198,
      "n": 212,
      "p_hat": 0.9339622641509434,
      "ci_lo": 0.8922189313636576,
      "ci_hi": 0.9602586278843747
    },
    "benign_specificity": {
      "k": 57,
      "n": 70,
      "p_hat": 0.8142857142857143,
      "ci_lo": 0.7077442179325669,
      "ci_hi": 0.8881269999809797
    },
    "benign_fp_rate": {
      "k": 13,
      "n": 70,
      "p_hat": 0.18571428571428572,
      "ci_lo": 0.11187300001902034,
      "ci_hi": 0.29225578206743313
    },
    "abstain_on_conflict": {
      "k": 97,
      "n": 180,
      "p_hat": 0.5388888888888889,
      "ci_lo": 0.4660142740943432,
      "ci_hi": 0.6101382982895314
    },
    "abstain_on_benign": {
      "k": 13,
      "n": 180,
      "p_hat": 0.07222222222222222,
      "ci_lo": 0.042689740056337105,
      "ci_hi": 0.11963196372104293
    },
    "binary_precision_abstain_aware": {
      "k": 2,
      "n": 2,
      "p_hat": 1.0,
      "ci_lo": 0.34238022750665303,
      "ci_hi": 1.0
    },
    "binary_recall_abstain_aware": {
      "k": 2,
      "n": 3,
      "p_hat": 0.6666666666666666,
      "ci_lo": 0.2076596008020477,
      "ci_hi": 0.9385080552796037
    },
    "binary_f1_mass_abstain_aware": {
      "k": 4,
      "n": 5,
      "p_hat": 0.8,
      "ci_lo": 0.37553462976252533,
      "ci_hi": 0.9637758913675698
    },
    "benign_fp_rate_abstain_aware": {
      "k": 0,
      "n": 57,
      "p_hat": 0.0,
      "ci_lo": 0.0,
      "ci_hi": 0.06313883485297894
    },
    "exact_recall_temporal_invalidation": {
      "k": 14,
      "n": 20,
      "p_hat": 0.7,
      "ci_lo": 0.4810271816464765,
      "ci_hi": 0.8545227551323956
    },
    "exact_recall_constraint_violation": {
      "k": 18,
      "n": 20,
      "p_hat": 0.9,
      "ci_lo": 0.6989663547715128,
      "ci_hi": 0.9721335187862319
    },
    "exact_recall_dependency_impact": {
      "k": 13,
      "n": 20,
      "p_hat": 0.65,
      "ci_lo": 0.43285427668523624,
      "ci_hi": 0.818808175898918
    },
    "exact_recall_semantic_contradiction": {
      "k": 31,
      "n": 40,
      "p_hat": 0.775,
      "ci_lo": 0.6249690325768998,
      "ci_hi": 0.8768390867645927
    },
    "exact_recall_ambiguous_case": {
      "k": 10,
      "n": 10,
      "p_hat": 1.0,
      "ci_lo": 0.7224672001371107,
      "ci_hi": 0.9999999999999999
    },
    "exact_recall_core4": {
      "k": 76,
      "n": 100,
      "p_hat": 0.76,
      "ci_lo": 0.6676766365018553,
      "ci_hi": 0.8330867444305122
    },
    "exact_recall_core3": {
      "k": 63,
      "n": 80,
      "p_hat": 0.7875,
      "ci_lo": 0.6857784426940333,
      "ci_hi": 0.8628761328230384
    },
    "unsafe_forced_type_ambig": {
      "k": 0,
      "n": 10,
      "p_hat": 0.0,
      "ci_lo": 0.0,
      "ci_hi": 0.2775327998628892
    },
    "needs_review_recall_ambig": {
      "k": 10,
      "n": 10,
      "p_hat": 1.0,
      "ci_lo": 0.7224672001371107,
      "ci_hi": 0.9999999999999999
    },
    "needs_review_precision": {
      "k": 10,
      "n": 120,
      "p_hat": 0.08333333333333333,
      "ci_lo": 0.045893650374929706,
      "ci_hi": 0.14662232164065653
    }
  },
  "wave3_rdl": null,
  "tal_wave4": null,
  "mcnemar": {},
  "wave3_counts_fallback": null
}